"image","name"
"rui/promo/promo_00","canyonlands"
"rui/promo/promo_01","apex"
"rui/promo/promo_02","drop"
"rui/promo/promo_03","thunderdome"
"rui/promo/promo_05","lineup"
"rui/promo/promo_06","twospines"
"rui/promo/promo_starter","starter"
"rui/promo/promo_founder","founder"
"rui/promo/promo_access","access"
"rui/promo/twitch_promo","twitch"
"rui/promo/promo_error","error"
"rui/promo/mirage_leaning","Mirage Leaning"
"rui/promo/canyonlands_forest","canyonlands Forest"
"rui/promo/weapon_havok","Havok"
"rui/promo/gibraltar_milleniumtusk","Gibraltar Millenium Tusk"
"rui/promo/promo_xbox_access","Xbox EA Access"
"rui/promo/pathfinder_angelcity_pacer","Pathfinder Pacer Skin"
"rui/promo/character_select","Character Select"
"rui/promo/bloodhound_white","Bloodhound White"
"rui/promo/apex_title","Apex Title"
"rui/promo/twitch_promo","Twitch Promo"
"rui/promo/wraith_voidspecialist_legendary","Wraith Void Skin"
"rui/promo/promo_01","PlayStation Plus Pack #1"
"rui/promo/playstation_plus_pack2","playstation_plus_pack2"
"rui/promo/playstation_plus_pack3","playstation_plus_pack3"
"rui/promo/playstation_plus_pack4","playstation_plus_pack4"
"rui/promo/playstation_plus_pack5","playstation_plus_pack5"
"rui/promo/battlepass_skins","bpskins"
"rui/promo/seasonpasscontent","spcontent"
"rui/promo/wildfrontier_banner","frontier"
"rui/promo/apex_season01","season01"
"rui/promo/lstar_motd","lstar"
"rui/promo/lstar_event","lstar_event"
"rui/promo/twitchcon_rivals","twitchcon_rivals"
"rui/promo/lstar_adjusted","lstar_adjusted"
"rui/promo/double_normal_xp","double_normal_xp"
"rui/promo/double_xp","double_xp"
"rui/promo/mini/m_openpack","m_openpack"
"rui/promo/mini/m_apexcreds","m_apexcreds"
"rui/promo/mini/m_apexpacks","m_apexpacks"
"rui/promo/mini/m_bp","m_bp"
"rui/promo/mini/m_crafting","m_crafting"
"rui/promo/mini/m_general","m_general"
"rui/promo/mini/m_legend","m_legend"
"rui/promo/mini/m_love","m_love"
"rui/promo/mini/m_lstar","m_lstar"
"rui/promo/mini/m_new","m_new"
"rui/promo/mini/m_octane","m_octane"
"rui/promo/mini/m_wattson","m_wattson"
"rui/promo/mini/m_patch","m_patch"
"rui/promo/eaplay","eaplay"
"rui/promo/wraith_closeup","wraith_closeup"
"rui/promo/top5","top5"
"rui/promo/mirage_banner","mirage_banner"
"rui/promo/character_lineup","character_lineup"
"rui/promo/bh_store_week4","bh_store_week4"
"rui/promo/bh_store_week3","bh_store_week3"
"rui/promo/bh_store_week2","bh_store_week2"
"rui/promo/bh_store_week1","bh_store_week1"
"rui/promo/bh_event_details","bh_event_details"
"rui/promo/caustic_closeup","caustic_closeup"
"rui/promo/bp_rewards_bh","bp_rewards_bh"
"rui/promo/apex_season02","apex_season02"
"rui/promo/bp_skins_season02","bp_skins_season02"
"rui/promo/canyonlands_mapupdate","canyonlands_mapupdate"
"rui/promo/lifelines_drone","lifelines_drone"
"rui/promo/ranked","ranked"
"rui/promo/twitch_promo_02","twitch_promo_02"
"rui/promo/twitch_promo_03","twitch_promo_03"
"rui/promo/twitch_promo_04","twitch_promo_04"
"rui/promo/twitch_promo_05","twitch_promo_05"
"rui/promo/wattson_season02","wattson_season02"
"rui/promo/apex_title_blue","apex_title_blue"
"rui/promo/icce_event_store","icce_event_store"
"rui/promo/icce_event_store_02","icce_event_store_02"
"rui/promo/icce_event","icce_event"
"rui/promo/ltm_solo","ltm_solo"
"rui/promo/mini/m_gibbyskin_event02","m_gibbyskin_event02"
"rui/promo/mini/m_ICCE_tick","m_ICCE_tick"
"rui/promo/mini/m_lifelineskin_event02","m_lifelineskin_event02"
"rui/promo/mini/m_pdwskin_event02","m_pdwskin_event02"
"rui/promo/mini/m_squad_event02","m_squad_event02"
"rui/promo/mini/m_wraith_liberator","m_wraith_liberator"
"rui/promo/mini/m_wraitheventninja","m_wraitheventninja"
"rui/promo/wraith_event_season02","wraith_event_season02"
"rui/promo/wraith_event_challenges","wraith_event_challenges"
"rui/promo/ltm_snipershotty","ltm_snipershotty"
"rui/promo/icce_event_store_makeup","icce_event_store_makeup"
"rui/promo/mini/m_blackheartcaustic","m_blackheartcaustic"
"rui/promo/mini/m_gibbymilleniumtusk","m_gibbymilleniumtusk"
"rui/promo/mini/m_pathfindermodelp","m_pathfindermodelp"
"rui/promo/mini/m_prideautopistol","m_prideautopistol"
"rui/promo/mini/m_flatlinehazard","m_flatlinehazard"
"rui/promo/mini/m_havocquantum","m_havocquantum"
"rui/promo/mini/m_hemlokpressure","m_hemlokpressure"
"rui/promo/mini/m_pdwspacewalker","m_pdwspacewalker"
"rui/promo/mini/m_r301spartan","m_r301spartan"
"rui/promo/wraith_voidwalker_event","wraith_voidwalker_event"
"rui/promo/mini/m_ladyjustice","m_ladyjustice"
"rui/promo/mini/m_punkbangalore","m_punkbangalore"
"rui/promo/mini/m_gibbymusicpack_event02","m_gibbymusicpack_event02"
"rui/promo/mini/m_wraitheventre45","m_wraitheventre45"
"rui/promo/mini/m_punkgibby","_punkgibby"
"rui/promo/mini/m_wraitheventbanner","m_wraitheventbanner"
"rui/promo/mini/m_kraberpioneer","m_kraberpioneer"
"rui/promo/mini/m_r99rulelaw","m_r99rulelaw"
"rui/promo/mini/m_dmrpharoah","m_dmrpharoah"
"rui/promo/mini/m_cyberhemlok","m_cyberhemlok"
"rui/promo/apex_invitational","apex_invitational"
"rui/promo/charge_rifle_launch","charge_rifle_launch"
"rui/promo/meetcrypto","meetcrypto"
"rui/promo/season3_launch","season3_launch"
"rui/promo/worldsedge_launch","worldsedge_launch"
"rui/promo/halloween_event","halloween_event"
"rui/promo/twitch_promo_06","twitch_promo_06"
"rui/promo/ranked_rewards","ranked_rewards"
"rui/promo/ranked_split","ranked_split"
"rui/promo/mini/m_battlepass_S3","m_battlepass_S3"
"rui/promo/mini/m_battlepass_DMR","m_battlepass_S3_DMR"
"rui/promo/mini/m_battlepass_S3_general1","m_battlepass_S3_general1"
"rui/promo/mini/m_battlepass_S3_general2","m_battlepass_S3_general2"
"rui/promo/mini/m_battlepass_S3_Lifeline","m_battlepass_S3_Lifeline"
"rui/promo/mini/m_battlepass_S3_logo","m_battlepass_S3_logo"
"rui/promo/mini/m_Halloween_bloodhound","m_Halloween_bloodhound"
"rui/promo/mini/m_halloween_caustic","m_halloween_caustic"
"rui/promo/mini/m_halloween_crypto","m_halloween_crypto"
"rui/promo/mini/m_halloween_gibby","m_halloween_gibby"
"rui/promo/mini/m_halloween_lifeline","m_halloween_lifeline"
"rui/promo/mini/m_halloween_mirage","m_halloween_mirage"
"rui/promo/mini/m_halloween_wattson","m_halloween_wattson"
"rui/promo/mini/m_halloween_wraith","m_halloween_wraith"
"rui/promo/S3_General_1","S3_General_1"
"rui/promo/S3_General_2","S3_General_2"
"rui/promo/S3_General_3","S3_General_3"
"rui/promo/S3_General_4","S3_General_4"
"rui/promo/S3_General_5","S3_General_5"
"rui/promo/bp_skins_season03","bp_skins_season03"
"rui/promo/promo_test_edition_general","lifeline_sku"
"rui/promo/promo_test_edition_general","bloodhound_sku"
"rui/promo/halloween_event_story","halloween_event_story"
"rui/promo/halloween_fight_fright","halloween_fight_fright"
"rui/promo/halloween_fight_fright_mode","halloween_fight_fright_mode"
"rui/promo/LTM_duos","LTM_duos"
"rui/promo/Fireing_Range","Fireing_Range"
"rui/promo/Black_Friday","Black_friday"
"rui/promo/mini/m_blackfriday_flatline","m_blackfriday_flatline"
"rui/promo/mini/m_blackfriday_octane","m_blackfriday_octane"
"rui/promo/event_holiday_octane","event_holiday_octane"
"rui/promo/event_holiday_train","event_holiday_train"
"rui/promo/mini/m_event_holiday_mirage","m_event_holiday_mirage"
"rui/promo/mini/m_event_holiday_caustic","m_event_holiday_caustic"
"rui/promo/mini/m_event_holiday_octane","m_event_holiday_octane"
"rui/promo/mini/m_event_holiday_crypto","m_event_holiday_crypto"
"rui/promo/event_mirage_dec","event_mirage"
"rui/promo/promo_test_edition_general","holiday_sku_bundle"
"rui/promo/Progression_rework","Progression_rework"
"rui/promo/bp1_skin","bp1_skin"
"rui/promo/twitch_promo_07","twitch_promo_07"
"rui/promo/mini/m_twitch_prime_dec19","m_twitch_prime_dec19"
"rui/promo/event_holiday_keyart","event_holiday_keyart"
"rui/promo/twitch_promo_08","twitch_promo_08"
"rui/promo/promo_test_edition_general","octane_sku"
"rui/promo/twitch_promo_09","twitch_promo_09"
"rui/promo/revenant_starter_pack","revenant_starter_pack"
"rui/promo/twitch_promo_10","twitch_promo_10"
"rui/promo/promo_test_edition_general","pathfinder_sku"
"rui/promo/playstation_plus_pack6","playstation_plus_pack6"
"rui/promo/twitch_promo_11","twitch_promo_11"
"rui/promo/twitch_promo_12","twitch_promo_12"
"rui/promo/twitch_promo_13","twitch_promo_13"
"rui/promo/loba_starter_pack","loba_starter_pack"
"rui/promo/playstation_plus_pack7","playstation_plus_pack7"
"rui/promo/twitch_promo_14","twitch_promo_14"
"rui/promo/twitch_promo_15","twitch_promo_15"
"rui/promo/steam_launch_charms","steam_launch"
"rui/promo/promo_test_edition_general","champion_sku"
"rui/promo/rampart_starter_pack","rampart_starter_pack"
"rui/promo/twitch_promo_16","twitch_promo_16"
"rui/promo/twitch_promo_17","twitch_promo_17"
"rui/promo/twitch_promo_18","twitch_promo_18"
"rui/promo/playstation_plus_pack8","playstation_plus_pack8"
"rui/promo/playstation_plus_pack9","playstation_plus_pack9"
"rui/promo/twitch_promo_19","twitch_promo_19"
"rui/promo/twitch_promo_20","twitch_promo_20"
"rui/promo/twitch_promo_21","twitch_promo_21"
"rui/promo/eaplay_charm01","eaplay_charm01"
"rui/promo/crosspromo_moh","crosspromo_moh"
"rui/promo/s07_starter_horizon","s07_starter_horizon"
"rui/promo/s07_bundle_horizon","s07_bundle_horizon"
"rui/promo/twitch_promo_22","twitch_promo_22"
"rui/promo/s08_starter_fuse","s08_starter_fuse"
"rui/promo/s08_bundle_fuse","s08_bundle_fuse"
"rui/promo/promo_test_edition_general","sku_gibby_01"
"rui/promo/twitch_promo_23","twitch_promo_23"
"rui/promo/ea_play_offer01","ea_play_offer01"
"rui/promo/ea_play_offer02","ea_play_offer02"
"rui/promo/ea_play_offer03","ea_play_offer03"
"rui/promo/twitch_promo_22","twitch_promo_22"
"rui/promo/twitch_promo_23","twitch_promo_23"
"rui/promo/twitch_promo_24","twitch_promo_24"
"rui/promo/ea_play_offer04","ea_play_offer04"
"rui/promo/ea_play_offer05","ea_play_offer05"
"rui/promo/ea_play_offer06","ea_play_offer06"
"rui/promo/promo_test_eaplay","ea_play_offer07"
"rui/promo/playstation_plus_pack10","playstation_plus_pack10"
"rui/promo/redemption_algs_winter_2021","redemption_algs_winter_2021"
"rui/promo/promo_test_edition_general","redemption_sku_mirage_01"
"rui/promo/sku_s09_valk_01","sku_s09_valk_01"
"rui/promo/twitch_promo_25","twitch_promo_25"
"rui/promo/twitch_promo_mass_effect_sheps","mass_effect_sheps"
"rui/promo/algs_general","algs_general"
"rui/promo/promo_test_creators","loadscreen_community_01"
"rui/promo/promo_test_creators","loadscreen_community_02"
"rui/promo/promo_test_creators","loadscreen_community_03"
"rui/promo/promo_test_creators","loadscreen_community_04"
"rui/promo/promo_test_creators","loadscreen_community_05"
"rui/promo/promo_test_creators","loadscreen_community_06"
"rui/promo/promo_test_primegaming","twitch_promo_26"
"rui/promo/pride_badge","pride_badge"
"rui/promo/ea_play_offer08_jumpmaster","ea_play_offer08_jumpmaster"
"rui/promo/promo_test_primegaming","twitch_promo_27"
"rui/promo/promo_test_eaplay","ea_play_offer09_dicey"
"rui/promo/ea_play_offer10_moh","ea_play_offer10_moh"
"rui/promo/promo_test_eaplay","ea_play_offer11_bigdog"
"rui/promo/promo_test_edition_general","redemption_sku_bangalore_01"
"rui/promo/promo_test_edition_psplus","playstation_plus_pack11"
"rui/promo/ea_play_offer12_moh","ea_play_offer12_moh"
"rui/promo/promo_test_edition_general","seer_sku_2021"
"rui/promo/promo_test_creators","s10_loadscreen_community_01"
"rui/promo/promo_test_creators","s10_loadscreen_community_02"
"rui/promo/promo_test_creators","s10_loadscreen_community_03"
"rui/promo/promo_test_creators","s10_loadscreen_community_04"
"rui/promo/promo_test_creators","s10_loadscreen_community_05"
"rui/promo/promo_test_creators","community_epic_v21_revenant_02"
"rui/promo/promo_test_primegaming","twitch_promo_28"
"rui/promo/promo_test_primegaming","twitch_promo_29"
"rui/promo/promo_test_edition_general","redemption_sku_loba_01"
"rui/promo/promo_test_edition_psplus","playstation_plus_pack12"
"rui/promo/promo_test_eaplay","ea_play_offer12_dragonage"
"rui/promo/promo_test_eaplay","ea_play_offer13_deadspace"
"rui/promo/promo_test_eaplay","ea_play_offer14_takestwo"
"rui/promo/promo_test_primegaming","twitch_promo_30"
"rui/promo/promo_test_edition_xbox","xbox_gold_pack02"
"rui/promo/promo_test_edition_general","ash_sku_2021"
"rui/promo/promo_test_primegaming","twitch_promo_31"
"rui/promo/promo_test_primegaming","twitch_promo_32"
"rui/promo/promo_test_creators","s11_loadscreen_community_01"
"rui/promo/promo_test_creators","s11_loadscreen_community_02"
"rui/promo/promo_test_creators","s11_holospray_community_01"
"rui/promo/promo_test_creators","s11_holospray_community_02"
"rui/promo/promo_test_creators","s11_holospray_community_03"
"rui/promo/promo_test_primegaming","twitch_promo_33"
"rui/promo/promo_test_edition_psplus","playstation_plus_pack13"
"rui/promo/promo_test_algsdrops","algs_s11_bloodhound_skin"
"rui/promo/promo_test_algsdrops","algs_s11_holospray"
"rui/promo/promo_test_algsdrops","algs_s11_pdw_skin"
"rui/promo/promo_test_algsdrops","algs_s11_weapon_charm"
"rui/promo/promo_test_edition_xbox","xbox_gold_pack03"
"rui/promo/promo_test_eaplay","ea_play_offer15_goldlootick"
"rui/promo/promo_test_eaplay","ea_play_offer16_goldsuppycrate"
"rui/promo/promo_test_eaplay","ea_play_offer17_golddeathbox"
"rui/promo/promo_test_edition_general","madmaggie_sku_2022"
"rui/promo/promo_test_primegaming","twitch_promo_34"
"rui/promo/promo_test_primegaming","twitch_promo_35"
"rui/promo/promo_test_primegaming","twitch_promo_36"
"rui/promo/promo_test_algsdrops","algs_s13_holospray"
"rui/promo/promo_test_algsdrops","algs_s13_horizon_skin"
"rui/promo/promo_test_algsdrops","algs_s13_flatline_skin"
"rui/promo/promo_test_algsdrops","algs_s13_weapon_charm"
"rui/promo/promo_test_edition_xbox","xbox_gold_pack04"
"rui/promo/promo_test_edition_psplus","playstation_plus_pack14"
"rui/promo/promo_test_edition_general","newcastle_sku_2022"
"rui/promo/promo_test_algsdrops","algs_s13_champ_revenant_skin"
"rui/promo/promo_test_algsdrops","algs_s13_champ_devotion_skin"
"rui/promo/promo_test_algsdrops","algs_s13_champ_weapon_charm"
"rui/promo/promo_test_algsdrops","algs_s13_champ_holospray"
"rui/promo/promo_test_primegaming","twitch_promo_37"
"rui/promo/promo_test_primegaming","twitch_promo_38"
"rui/promo/promo_test_creators","ea_play_offer18_loadscreen_s13_01"
"rui/promo/promo_test_creators","ea_play_offer18_loadscreen_s13_02"
"rui/promo/promo_test_creators","ea_play_offer18_loadscreen_s13_03"
"rui/promo/promo_test_creators","s13_loadscreen_community_01"
"rui/promo/promo_test_creators","s13_loadscreen_community_02"
"rui/promo/promo_test_creators","s13_loadscreen_community_03"
"rui/promo/promo_test_primegaming","twitch_promo_39"
"rui/promo/promo_test_edition_psplus","playstation_plus_pack15"
"rui/promo/promo_test_edition_xbox","xbox_gold_pack05"
"rui/promo/promo_test_eaplay","ea_play_offer19_goldgibshield"
"rui/promo/promo_test_eaplay","ea_play_offer20_golddoc"
"rui/promo/promo_test_eaplay","ea_play_offer21_goldmissile"
"rui/promo/promo_test_primegaming","twitch_promo_40"
"rui/promo/promo_test_primegaming","twitch_promo_41"
"rui/promo/promo_test_algsdrops","algs_s14_holospray"
"rui/promo/promo_test_algsdrops","algs_s14_gibraltar_skin"
"rui/promo/promo_test_algsdrops","algs_s14_volt_skin"
"rui/promo/promo_test_algsdrops","algs_s14_weapon_charm"
"rui/promo/promo_test_edition_psplus","playstation_plus_pack16"
"rui/promo/promo_test_edition_xbox","xbox_gold_pack06"
"rui/promo/promo_test_primegaming","twitch_promo_42"
"rui/promo/promo_test_eaplay","ea_play_offer22_goldgrapplehook"
"rui/promo/promo_test_eaplay","ea_play_offer23_goldhackerlaptop"
"rui/promo/promo_test_eaplay","ea_play_offer24_goldarcstar"
"rui/promo/promo_test_primegaming","twitch_promo_43"
"rui/promo/promo_test_primegaming","twitch_promo_44"
"rui/promo/promo_test_algsdrops","algs_s15_holospray"
"rui/promo/promo_test_algsdrops","algs_s15_wraith_skin"
"rui/promo/promo_test_algsdrops","algs_s15_weapon_charm"
"rui/promo/promo_test_algsdrops","algs_s15_r99_skin"
"rui/promo/promo_test_edition_general","twitch_drops_s15_monster_energy"
"rui/promo/promo_test_edition_general","s15_eclipse_drops_day_1"
"rui/promo/promo_test_edition_general","s15_eclipse_drops_day_2"
"rui/promo/promo_test_edition_general","s15_eclipse_drops_day_3"
"rui/promo/promo_test_edition_general","s15_eclipse_drops_day_4"
"rui/promo/promo_test_edition_general","s15_eclipse_drops_day_5"
"rui/promo/promo_test_edition_psplus","playstation_plus_pack17"
"rui/promo/promo_test_edition_xbox","xbox_gold_pack07"
"rui/promo/promo_test_eaplay","ea_play_offer25_goldflaggrenade"
"rui/promo/promo_test_eaplay","ea_play_offer26_goldhuntertrophy"
"rui/promo/promo_test_eaplay","ea_play_offer27_goldsupply"
"rui/promo/promo_test_primegaming","twitch_promo_45"
"rui/promo/promo_test_primegaming","twitch_promo_46"
"rui/promo/promo_test_primegaming","twitch_promo_47"
"rui/promo/promo_test_primegaming","twitch_promo_48"
"rui/promo/promo_test_primegaming","twitch_promo_49"
"rui/promo/promo_test_primegaming","twitch_promo_50"
"rui/promo/promo_test_edition_general","s16_loadscreen_community_01"
"rui/promo/promo_test_edition_general","s16_loadscreen_community_02"
"rui/promo/promo_test_edition_general","s16_loadscreen_community_03"
"rui/promo/promo_test_edition_general","s16_loadscreen_community_04"
"rui/promo/promo_test_edition_general","s16_loadscreen_community_05"
"rui/promo/promo_test_edition_general","s16_loadscreen_community_06"
"rui/promo/promo_test_edition_general","s16_loadscreen_community_07"
"rui/promo/promo_test_edition_general","s16_loadscreen_community_08"
"rui/promo/promo_test_edition_general","s16_loadscreen_community_09"
"rui/promo/promo_test_edition_general","s16_loadscreen_community_10"
"rui/promo/promo_test_edition_general","s16_loadscreen_community_11"
"rui/promo/promo_test_edition_general","s16_loadscreen_community_12"
"rui/promo/promo_test_edition_psplus","playstation_plus_pack18"
"rui/promo/promo_test_edition_xbox","xbox_gold_pack08"
"rui/promo/promo_test_eaplay","ea_play_offer28_goldgibbybike01"
"rui/promo/promo_test_eaplay","ea_play_offer29_goldvoidwalkerhelmet01"
"rui/promo/promo_test_eaplay","ea_play_offer30_sciencemug01"
"rui/promo/promo_test_edition_general","line_s19_sticker_01"
"rui/promo/promo_test_edition_general","line_s19_sticker_02"
"rui/promo/promo_test_edition_general","line_s19_sticker_03"
"rui/promo/promo_test_edition_general","line_s19_sticker_04"
"rui/promo/promo_test_edition_general","line_s19_sticker_05"
"rui/promo/promo_test_edition_general","line_s19_sticker_06"
"rui/promo/promo_test_edition_general","line_s19_sticker_07"
"rui/promo/promo_test_edition_general","line_s19_sticker_08"
"rui/promo/promo_test_edition_general","line_s19_sticker_09"
"rui/promo/promo_test_edition_general","line_s19_sticker_10"
"rui/promo/promo_test_edition_general","line_s19_sticker_11"
"rui/promo/promo_test_edition_general","line_s19_sticker_12"
"rui/promo/promo_test_edition_general","line_s19_sticker_13"
"rui/promo/promo_test_edition_general","line_s19_sticker_14"
"rui/promo/promo_test_edition_general","line_s19_sticker_15"
"rui/promo/promo_test_edition_general","line_s19_sticker_16"
"rui/promo/promo_test_edition_general","line_s19_sticker_17"
"rui/promo/promo_test_edition_general","line_s19_sticker_18"
"rui/promo/promo_test_edition_general","line_s19_sticker_19"
"rui/promo/promo_test_edition_general","line_s19_sticker_20"
"rui/promo/promo_test_edition_general","line_s19_sticker_21"
"rui/promo/promo_test_edition_general","line_s19_sticker_22"
"rui/promo/promo_test_edition_general","line_s19_sticker_23"
"rui/promo/promo_test_edition_general","line_s19_sticker_24"
"rui/promo/promo_test_algsdrops","algs_s17_weapon_charm"
"rui/promo/promo_test_algsdrops","algs_s17_holospray"
"rui/promo/promo_test_algsdrops","algs_s17_valkyrie_skin"
"rui/promo/promo_test_algsdrops","algs_s17_peacekeeper_skin"
"rui/promo/promo_test_algsdrops","algs_s17_sticker"
"rui/promo/promo_test_edition_psplus","playstation_plus_pack19"
"rui/promo/promo_test_edition_xbox","xbox_gold_pack09"
"rui/promo/promo_test_eaplay","ea_play_offer31_goldpathfinderscreen01"
"rui/promo/promo_test_eaplay","ea_play_offer32_goldoctanestim01"
"rui/promo/promo_test_eaplay","ea_play_offer33_goldmiragebag01"
"rui/promo/promo_test_algsdrops","algs_s18_holospray"
"rui/promo/promo_test_algsdrops","algs_s18_loba_skin"
"rui/promo/promo_test_algsdrops","algs_s18_weapon_charm"
"rui/promo/promo_test_algsdrops","algs_s18_wingman_skin"
"rui/promo/promo_test_algsdrops","algs_s18_sticker"
"rui/promo/promo_test_edition_xbox","xbox_free_battle_pass"
"rui/promo/promo_test_edition_xbox","xbox_free_crafting_metals"
"rui/promo/promo_test_edition_xbox","xbox_coins_virtual_currency"
"rui/promo/promo_test_edition_psplus","playstation_plus_pack20"
"rui/promo/promo_test_edition_xbox","xbox_gold_pack10"
"rui/promo/promo_test_eaplay","ea_play_offer34_goldexplosivetick01"
"rui/promo/promo_test_eaplay","ea_play_offer35_goldhealthsyringe01"
"rui/promo/promo_test_eaplay","ea_play_offer36_goldhuntersknife01"
"rui/promo/promo_test_primegaming","twitch_promo_51"
"rui/promo/promo_test_primegaming","twitch_promo_52"
"rui/promo/promo_test_primegaming","twitch_promo_53"
"rui/promo/promo_test_eaplay","ea_play_offer37_goldtsukumo01"
"rui/promo/promo_test_primegaming","twitch_promo_54"
"rui/promo/promo_test_primegaming","twitch_promo_55"
"rui/promo/promo_test_edition_general","twitch_drops_s19_raga_01"
"rui/promo/promo_test_edition_general","twitch_drops_s19_raga_03"
"rui/promo/promo_test_edition_general","twitch_drops_s19_raga_04"
"rui/promo/promo_test_edition_general","twitch_drops_s19_raga_05"
"rui/promo/promo_test_edition_general","twitch_drops_s19_raga_06"
"rui/promo/promo_test_edition_general","twitch_drops_s19_raga_07"
"rui/promo/promo_test_edition_general","twitch_drops_s19_raga_08"
"rui/promo/promo_test_edition_general","twitch_drops_s19_raga_09"
"rui/promo/promo_test_edition_general","twitch_drops_s19_raga_10"
"rui/promo/promo_test_edition_general","twitch_drops_s19_raga_11"
"rui/promo/promo_test_edition_general","twitch_drops_s19_raga_12"
"rui/promo/promo_test_edition_general","twitch_drops_s19_raga_13"
"rui/promo/promo_test_primegaming","twitch_promo_56"
"rui/promo/promo_test_eaplay","ea_play_offer38_goldapexlogo01"
"rui/promo/promo_test_eaplay","ea_play_offer39_goldlifelinekit01"
"rui/promo/promo_test_eaplay","ea_play_offer40_box01"
"rui/promo/promo_test_edition_psplus","playstation_plus_pack21"
"rui/promo/promo_test_edition_xbox","xbox_gold_pack11"
"rui/promo/promo_test_primegaming","twitch_promo_57"
"rui/promo/promo_test_primegaming","twitch_promo_58"
"rui/promo/promo_test_algsdrops","algs_s20_wingman_skin"
"rui/promo/promo_test_algsdrops","algs_s20_weapon_charm"
"rui/promo/promo_test_algsdrops","algs_s20_holospray"
"rui/promo/promo_test_algsdrops","algs_s20_conduit_skin"
"rui/promo/promo_test_edition_psplus","playstation_sie_pack01"
"rui/promo/promo_test_edition_general","twitch_drops_s20_gala_01"
"rui/promo/promo_test_edition_general","twitch_drops_s20_gala_02"
"rui/promo/promo_test_edition_general","twitch_drops_s20_gala_03"
"rui/promo/promo_test_edition_general","twitch_drops_s20_gala_04"
"rui/promo/promo_test_edition_general","twitch_drops_s20_gala_05"
"rui/promo/promo_test_edition_general","twitch_drops_s20_gala_06"
"rui/promo/promo_test_edition_psplus","playstation_plus_pack22"
"rui/promo/promo_test_primegaming","twitch_promo_59"
"rui/promo/promo_test_primegaming","twitch_promo_60"
"rui/promo/promo_test_edition_xbox","xbox_gold_pack12"
"rui/promo/promo_test_algsdrops","algs_s21_horizon_skin"
"rui/promo/promo_test_algsdrops","algs_s21_sticker"
"rui/promo/promo_test_algsdrops","algs_s21_weapon_charm_1"
"rui/promo/promo_test_algsdrops","algs_s21_3030repeater_skin"
"rui/promo/promo_test_algsdrops","algs_s21_r99_skin"
"rui/promo/promo_test_algsdrops","algs_s21_weapon_charm_2"
"rui/promo/promo_test_algsdrops","algs_s21_holospray"
"rui/promo/promo_test_algsdrops","algs_s21_bangalore_skin"
"rui/promo/promo_test_edition_general","twitch_drops_s21_void_01"
"rui/promo/promo_test_edition_general","twitch_drops_s21_void_02"
"rui/promo/promo_test_edition_general","twitch_drops_s21_void_03"
"rui/promo/promo_test_edition_general","twitch_drops_s21_void_04"
"rui/promo/promo_test_edition_general","twitch_drops_s21_void_05"
"rui/promo/promo_test_edition_general","twitch_drops_s21_void_06"
"rui/promo/promo_test_edition_xbox","xbox_gold_pack13"
"rui/promo/promo_test_edition_psplus","playstation_plus_pack23"
"asset_noprecache","string"