"colorName","default","protanopia","deuteranopia","trianopia","qa"
"DEFAULT","<255,255,255>","<255,255,255>","<255,255,255>","<255,255,255>","<0,0,0>"
"ENEMY","<255,45,13>","<228,201,0>","<255,160,173>","<210,190,17>","<0,0,0>"
"FRIENDLY","<87,151,219>","<61,128,245>","<0,148,196>","<71,133,247>","<0,0,0>"
"MEMBER_COLOR0","<245,165,35>","<255,243,31>","<230,159,0>","<255,236,54>","<0,0,0>"
"MEMBER_COLOR1","<125,175,10>","<11,145,253>","<0,158,115>","<49,252,255>","<0,0,0>"
"MEMBER_COLOR2","<10,180,180>","<145,111,62>","<86,180,233>","<145,104,112>","<0,0,0>"
"MEMBER_COLOR3","<150,95,215>","<230,172,47>","<204,121,167>","<0,157,168>","<0,0,0>"
"MEMBER_COLOR4","<183,183,183>","<183,183,183>","<183,183,183>","<183,183,183>","<0,0,0>"
"MEMBER_COLOR5","<28,137,243>","<0,102,172>","<0,75,187>","<40,196,255>","<0,0,0>"
"MEMBER_COLOR6","<152,41,245>","<200,113,255>","<226,175,255>","<220,122,255>","<0,0,0>"
"MEMBER_COLOR7","<243,195,56>","<255,163,75>","<255,174,64>","<190,85,0>","<0,0,0>"
"MEMBER_COLOR8","<127,178,255>","<127,178,255>","<127,178,255>","<127,178,255>","<0,0,0>"
"MEMBER_COLOR9","<125,125,10>","<11,95,253>","<0,108,115>","<49,202,255>","<0,0,0>"
"LOOT_TIER0","<0,0,0>","<0,0,0>","<0,0,0>","<0,0,0>","<0,0,0>"
"LOOT_TIER1","<192,192,192>","<72,72,72>","<72,72,72>","<128,128,128>","<0,0,0>"
"LOOT_TIER2","<30,144,255>","<0,62,118>","<0,75,187>","<40,196,255>","<0,0,0>"
"LOOT_TIER3","<125,0,255>","<157,132,242>","<226,175,255>","<169,45,248>","<0,0,0>"
"LOOT_TIER4","<255,205,60>","<250,243,76>","<255,174,64>","<250,212,80>","<0,0,0>"
"LOOT_TIER5","<255,78,29>","<255,109,164>","<255,50,40>","<207,70,74>","<0,0,0>"
"LOOT_TIER6","<0,255,204>","<23,204,134>","<101,207,186>","<0,255,204>","<0,0,0>"
"DIM_LOOT_TIER0","<0,0,0>","<0,0,0>","<0,0,0>","<0,0,0>","<0,0,0>"
"DIM_LOOT_TIER1","<60,65,65>","<101,101,101>","<101,101,101>","<101,101,101>","<0,0,0>"
"DIM_LOOT_TIER2","<10,74,136>","<0,71,120>","<0,52,131>","<0,120,165>","<0,0,0>"
"DIM_LOOT_TIER3","<68,27,95>","<126,0,205>","<154,0,241>","<155,0,211>","<0,0,0>"
"DIM_LOOT_TIER4","<136,108,27>","<185,90,0>","<179,102,0>","<106,100,0>","<0,0,0>"
"DIM_LOOT_TIER5","<136,0,0>","<35,32,24>","<40,31,17>","<58,19,20>","<0,0,0>"
"DIM_LOOT_TIER6","<0,140,112>","<14,128,84>","<51,128,112>","<0,140,112>","<0,0,0>"
"HUD_LOOT_TIER0","<0,0,0>","<0,0,0>","<0,0,0>","<0,0,0>","<0,0,0>"
"HUD_LOOT_TIER1","<183,183,183>","<183,183,183>","<183,183,183>","<183,183,183>","<0,0,0>"
"HUD_LOOT_TIER2","<28,137,243>","<0,102,172>","<0,75,187>","<40,196,255>","<0,0,0>"
"HUD_LOOT_TIER3","<152,41,245>","<200,113,255>","<226,175,255>","<220,122,255>","<0,0,0>"
"HUD_LOOT_TIER4","<243,195,56>","<255,163,75>","<255,174,64>","<250,212,80>","<0,0,0>"
"HUD_LOOT_TIER5","<243,2,2>","<126,117,87>","<145,111,62>","<207,70,74>","<0,0,0>"
"HUD_LOOT_TIER6","<0,229,184>","<20,178,117>","<87,178,160>","<0,229,184>","<0,0,0>"
"MENU_TEXT_LOOT_TIER0","<255,255,255>","<255,255,255>","<255,255,255>","<255,255,255>","<0,0,0>"
"MENU_TEXT_LOOT_TIER1","<255,255,255>","<255,255,255>","<255,255,255>","<255,255,255>","<0,0,0>"
"MENU_TEXT_LOOT_TIER2","<98,200,255>","<0,102,172>","<89,136,238>","<40,196,255>","<0,0,0>"
"MENU_TEXT_LOOT_TIER3","<232,108,255>","<200,113,255>","<226,175,255>","<220,122,255>","<0,0,0>"
"MENU_TEXT_LOOT_TIER4","<255,205,60>","<255,163,75>","<255,174,64>","<250,212,80>","<0,0,0>"
"MENU_TEXT_LOOT_TIER5","<255,59,67>","<126,117,87>","<145,111,62>","<255,70,74>","<0,0,0>"
"MENU_TEXT_LOOT_TIER6","<0,255,204>","<23,204,134>","<101,207,186>","<0,255,204>","<0,0,0>"
"TEXT_LOOT_TIER0","<255,255,255>","<255,255,255>","<255,255,255>","<255,255,255>","<0,0,0>"
"TEXT_LOOT_TIER1","<195,216,217>","<160,160,160>","<160,160,160>","<160,160,160>","<0,0,0>"
"TEXT_LOOT_TIER2","<98,200,255>","<0,102,172>","<89,136,238>","<40,196,255>","<0,0,0>"
"TEXT_LOOT_TIER3","<200,77,255>","<200,113,255>","<226,175,255>","<220,122,255>","<0,0,0>"
"TEXT_LOOT_TIER4","<255,205,60>","<255,163,75>","<255,174,64>","<250,212,80>","<0,0,0>"
"TEXT_LOOT_TIER5","<255,59,67>","<126,117,87>","<145,111,62>","<207,70,74>","<0,0,0>"
"TEXT_LOOT_TIER6","<0,255,204>","<23,204,134>","<101,207,186>","<0,255,204>","<0,0,0>"
"FRAME_LOOT_TIER0","<113,125,124>","<0,0,0>","<0,0,0>","<0,0,0>","<0,0,0>"
"FRAME_LOOT_TIER1","<113,125,124>","<168,168,168>","<168,168,168>","<168,168,168>","<0,0,0>"
"FRAME_LOOT_TIER2","<75,119,162>","<2,99,156>","<2,99,156>","<2,99,156>","<0,0,0>"
"FRAME_LOOT_TIER3","<125,89,170>","<179,105,146>","<179,105,146>","<179,105,146>","<0,0,0>"
"FRAME_LOOT_TIER4","<158,128,38>","<211,200,56>","<211,200,56>","<211,200,56>","<0,0,0>"
"FRAME_LOOT_TIER5","<255,0,0>","<224,2,2>","<224,2,2>","<224,2,2>","<0,0,0>"
"FRAME_LOOT_TIER6","<27,194,160>","<46,153,112>","<50,166,143>","<27,194,160>","<0,0,0>"
"FX_LOOT_TIER0","<0,0,0>","<0,0,0>","<0,0,0>","<0,0,0>","<0,0,0>"
"FX_LOOT_TIER1","<155,150,150>","<72,72,72>","<72,72,72>","<128,128,128>","<0,0,0>"
"FX_LOOT_TIER2","<80,137,235>","<0,62,118>","<0,75,187>","<40,196,255>","<0,0,0>"
"FX_LOOT_TIER3","<146,73,172>","<157,132,242>","<226,175,255>","<169,45,248>","<0,0,0>"
"FX_LOOT_TIER4","<255,198,100>","<250,243,76>","<255,174,64>","<250,212,80>","<0,0,0>"
"FX_LOOT_TIER5","<255,78,29>","<255,109,164>","<255,50,40>","<207,70,74>","<0,0,0>"
"FX_LOOT_TIER6","<115,229,207>","<115,229,185>","<141,217,202>","<115,229,207>","<0,0,0>"
"LIGHT_LOOT_TIER0","<55,59,61>","<64,64,64>","<64,64,64>","<64,64,64>","<0,0,0>"
"LIGHT_LOOT_TIER1","<55,59,61>","<64,64,64>","<64,64,64>","<64,64,64>","<0,0,0>"
"LIGHT_LOOT_TIER2","<26,39,74>","<0,31,54>","<0,23,58>","<0,67,92>","<0,0,0>"
"LIGHT_LOOT_TIER3","<51,26,74>","<70,0,114>","<86,0,135>","<87,0,118>","<0,0,0>"
"LIGHT_LOOT_TIER4","<76,62,18>","<103,50,0>","<100,57,0>","<59,26,0>","<0,0,0>"
"LIGHT_LOOT_TIER5","<255,0,0>","<89,0,0>","<89,0,0>","<89,0,0>","<0,0,0>"
"LIGHT_LOOT_TIER6","<45,89,80>","<41,102,79>","<51,102,92>","<45,89,80>","<0,0,0>"
"ARMOR_TEXT_LOOT_TIER0","<255,255,255>","<255,255,255>","<255,255,255>","<255,255,255>","<0,0,0>"
"ARMOR_TEXT_LOOT_TIER1","<255,255,255>","<255,255,255>","<255,255,255>","<255,255,255>","<0,0,0>"
"ARMOR_TEXT_LOOT_TIER2","<98,200,255>","<1,154,240>","<1,154,240>","<1,154,240>","<0,0,0>"
"ARMOR_TEXT_LOOT_TIER3","<232,108,255>","<247,147,203>","<247,147,203>","<247,147,203>","<0,0,0>"
"ARMOR_TEXT_LOOT_TIER4","<0,0,0>","<0,0,0>","<0,0,0>","<0,0,0>","<0,0,0>"
"ARMOR_TEXT_LOOT_TIER5","<0,0,0>","<0,0,0>","<0,0,0>","<0,0,0>","<0,0,0>"
"ARMOR_TEXT_LOOT_TIER6","<0,0,0>","<0,0,0>","<0,0,0>","<0,0,0>","<0,0,0>"
"HUD_BLEEDOUT_COLOR","<243,6,0>","<243,6,0>","<243,6,0>","<243,6,0>","<0,0,0>"
"HUD_BLEEDOUT_BAR_COLOR","<200,150,0>","<200,150,0>","<200,150,0>","<200,150,0>","<0,0,0>"
"HUD_HEAL_COLOR","<125,214,0>","<125,214,0>","<125,214,0>","<125,214,0>","<0,0,0>"
"HUD_INDICATOR_ARROW","<255,12,12>","<255,179,50>","<255,50,40>","<255,20,54>","<0,0,0>"
"HUD_INDICATOR_GRENADE_MODEL","<255,125,20>","<255,129,50>","<255,109,40>","<255,70,187>","<0,0,0>"
"LIFELINE_SHIELD_IMPACT","<60,247,227>","<60,247,227>","<60,247,227>","<60,247,227>","<0,0,0>"
"PING_HIGHLIGHT_DEFAULT0","<127,178,255>","<127,178,255>","<127,178,255>","<127,178,255>","<0,0,0>"
"PING_HIGHLIGHT_DEFAULT1","<255,255,255>","<255,255,255>","<255,255,255>","<255,255,255>","<0,0,0>"
"THREAT_VISION","<166,9,3>","<50,90,245>","<4,120,235>","<210,9,3>","<0,0,0>"
"AVAILABLE_COLOR","<40,90,220>","<40,90,220>","<40,90,220>","<40,90,220>","<0,0,0>"
"UNAVAILABLE_COLOR","<255,255,0>","<255,255,0>","<255,255,0>","<255,255,0>","<0,0,0>"
"RANKED_BORDER_COLOR_ROOKIE","<159,138,120>","<227,213,65>","<227,213,65>","<255,148,160>","<0,0,0>"
"RANKED_BORDER_COLOR_BRONZE","<153,120,107>","<171,117,34>","<171,117,34>","<248,72,98>","<0,0,0>"
"RANKED_BORDER_COLOR_SILVER","<175,175,185>","<148,148,159>","<148,148,159>","<175,175,185>","<0,0,0>"
"RANKED_BORDER_COLOR_GOLD","<208,181,131>","<199,196,133>","<199,196,133>","<255,218,224>","<0,0,0>"
"RANKED_BORDER_COLOR_PLATINUM","<90,210,255>","<201,203,206>","<135,200,246>","<60,179,198>","<0,0,0>"
"RANKED_BORDER_COLOR_DIAMOND","<29,143,242>","<0,125,222>","<0,125,222>","<0,115,133>","<0,0,0>"
"RANKED_BORDER_COLOR_MASTER","<126,74,215>","<0,78,160>","<35,84,133>","<122,71,76>","<0,0,0>"
"RANKED_BORDER_COLOR_APEX","<255,65,57>","<127,89,32>","<127,89,32>","<238,22,70>","<0,0,0>"
"RANKED_INSIDE_COLOR_ROOKIE","<44,37,23>","<51,35,11>","<51,35,11>","<61,28,31>","<0,0,0>"
"RANKED_INSIDE_COLOR_BRONZE","<59,46,36>","<84,55,15>","<84,55,15>","<125,27,42>","<0,0,0>"
"RANKED_INSIDE_COLOR_SILVER","<58,58,64>","<68,68,72>","<68,68,72>","<68,68,72>","<0,0,0>"
"RANKED_INSIDE_COLOR_GOLD","<77,64,39>","<89,89,29>","<89,89,29>","<97,71,75>","<0,0,0>"
"RANKED_INSIDE_COLOR_PLATINUM","<15,35,43>","<31,32,33>","<42,44,48>","<18,53,59>","<0,0,0>"
"RANKED_INSIDE_COLOR_DIAMOND","<15,27,43>","<35,41,66>","<35,41,66>","<0,34,40>","<0,0,0>"
"RANKED_INSIDE_COLOR_MASTER","<43,16,75>","<0,31,64>","<17,40,64>","<36,21,23>","<0,0,0>"
"RANKED_INSIDE_COLOR_APEX","<43,16,15>","<37,26,10>","<37,26,10>","<42,5,13>","<0,0,0>"
"RANKED_REWARD_BORDER_COLOR_ROOKIE","<159,138,120>","<175,165,50>","<175,165,50>","<197,114,124>","<0,0,0>"
"RANKED_REWARD_BORDER_COLOR_BRONZE","<117,88,76>","<150,103,30>","<150,103,30>","<218,63,86>","<0,0,0>"
"RANKED_REWARD_BORDER_COLOR_SILVER","<175,175,185>","<130,130,140>","<130,130,140>","<154,154,163>","<0,0,0>"
"RANKED_REWARD_BORDER_COLOR_GOLD","<185,159,111>","<154,151,103>","<154,151,103>","<197,168,173>","<0,0,0>"
"RANKED_REWARD_BORDER_COLOR_PLATINUM","<84,154,181>","<155,157,159>","<104,155,190>","<46,138,153>","<0,0,0>"
"RANKED_REWARD_BORDER_COLOR_DIAMOND","<49,163,255>","<0,110,195>","<0,110,195>","<0,101,117>","<0,0,0>"
"RANKED_REWARD_BORDER_COLOR_MASTER","<126,74,215>","<0,69,141>","<31,74,117>","<107,62,67>","<0,0,0>"
"RANKED_REWARD_BORDER_COLOR_APEX","<255,95,88>","<112,78,28>","<112,78,28>","<209,19,61>","<0,0,0>"
"RANKED_REWARD_INSIDE_COLOR_ROOKIE","<97,77,60>","<111,77,26>","<111,77,26>","<135,61,69>","<0,0,0>"
"RANKED_REWARD_INSIDE_COLOR_BRONZE","<64,45,37>","<56,37,10>","<56,37,10>","<79,17,27>","<0,0,0>"
"RANKED_REWARD_INSIDE_COLOR_SILVER","<68,68,72>","<68,68,72>","<68,68,72>","<68,68,72>","<0,0,0>"
"RANKED_REWARD_INSIDE_COLOR_GOLD","<74,64,46>","<71,62,44>","<71,62,44>","<92,67,72>","<0,0,0>"
"RANKED_REWARD_INSIDE_COLOR_PLATINUM","<35,65,77>","<62,73,92>","<28,47,77>","<21,62,69>","<0,0,0>"
"RANKED_REWARD_INSIDE_COLOR_DIAMOND","<81,94,153>","<81,94,153>","<81,94,153>","<0,115,133>","<0,0,0>"
"RANKED_REWARD_INSIDE_COLOR_MASTER","<126,74,178>","<0,78,160>","<35,84,133>","<122,71,76>","<0,0,0>"
"RANKED_REWARD_INSIDE_COLOR_APEX","<136,32,28>","<82,58,23>","<82,58,23>","<141,16,44>","<0,0,0>"
"AMMO_SHUTGUN_COLOR","<155,51,15>","<155,51,15>","<155,51,15>","<155,51,15>","<0,0,0>"
"AMMO_ENERGY_COLOR","<132,160,61>","<132,160,61>","<132,160,61>","<132,160,61>","<0,0,0>"
"AMMO_SMALL_COLOR","<180,123,68>","<180,123,68>","<180,123,68>","<180,123,68>","<0,0,0>"
"AMMO_LARGE_COLOR","<84,155,131>","<84,155,131>","<84,155,131>","<84,155,131>","<0,0,0>"
"AMMO_BOOMJUICE_COLOR","<200,0,0>","<200,0,0>","<200,0,0>","<200,0,0>","<0,0,0>"
"AMMO_SNIPER_COLOR","<110,95,206>","<110,95,206>","<110,95,206>","<110,95,206>","<0,0,0>"
"AMMO_ARROWS_COLOR","<205,179,71>","<205,179,71>","<205,179,71>","<205,179,71>","<0,0,0>"
"AMMO_LEGENDARY_COLOR","<255,215,30>","<255,163,75>","<255,174,64>","<250,212,80>","<0,0,0>"
"AMMO_SUPPLY_DROP_COLOR","<255,2,83>","<255,109,164>","<255,50,40>","<207,70,74>","<0,0,0>"
"COLORSWATCH_RED","<255,0,0>","<255,109,164>","<255,40,139>","<255,43,240>","<0,0,0>"
"COLORSWATCH_GREEN","<0,255,0>","<74,189,117>","<84,255,89>","<48,255,0>","<0,0,0>"
"COLORSWATCH_BLUE","<0,0,255>","<13,55,241>","<13,54,241>","<10,53,248>","<0,0,0>"
"COLORSWATCH_BLACK","<0,0,0>","<0,0,0>","<0,0,0>","<0,0,0>","<0,0,0>"
"COLORSWATCH_WHITE","<255,255,255>","<255,255,255>","<255,255,255>","<255,255,255>","<0,0,0>"
"MINIMAP_ENEMY_REF","<255,12,12>","<255,109,164>","<255,40,139>","<254,43,240>","<0,0,0>"
"MINMAP_CRYPTO_PULSE_TINT","<45,150,139>","<97,180,133>","<95,221,149>","<95,253,79>","<0,0,0>"
"CRYPTO_RUI_NEUTRAL","<25,255,144>","<162,217,116>","<161,245,128>","<161,253,77>","<0,0,0>"
"CRYPTO_RUI_U_R_HERE","<253,216,44>","<255,231,69>","<255,214,63>","<255,196,176>","<0,0,0>"
"AIRDROP_DEFAULT_COLOR","<255,203,165>","<226,212,168>","<251,203,163>","<255,197,210>","<0,0,0>"
"AIRDROP_LIFELINE_COLOR","<128,188,255>","<160,180,250>","<155,181,255>","<109,195,211>","<0,0,0>"
"AIRDROP_CRAFTING_COLOR","<0,255,204>","<238,224,188>","<251,217,216>","<142,240,255>","<0,0,0>"
"HUD_PROGRESSBAR_COLOR_HEALTH","<255,0,0>","<255,109,164>","<255,40,139>","<255,43,240>","<0,0,0>"
"HUD_PROGRESSBAR_COLOR_REVIVE","<64,166,0>","<129,166,0>","<105,166,0>","<145,192,0>","<0,0,0>"
"COLORID_FX_LOOT_TIER_GREY","<65,65,65>","<30,30,30>","<30,30,30>","<80,80,80>","<0,0,0>"
"HUD_ARENAS_ROUND","<196,196,196>","<196,196,196>","<196,196,196>","<196,196,196>","<0,0,0>"
"HUD_ARENAS_TIEBREAKER","<243,195,56>","<255,163,75>","<255,174,64>","<250,212,80>","<0,0,0>"
"HUD_ARENAS_ROUND_WON","<0,150,255>","<61,128,245>","<0,148,196>","<71,133,247>","<0,0,0>"
"HUD_MARKSMANS_TEMPO_BUILDUP","<0,226,234>","<0,226,234>","<0,226,234>","<0,226,234>","<0,0,0>"
"HUD_MARKSMANS_TEMPO_ACTIVE","<100,250,255>","<100,250,255>","<100,250,255>","<100,250,255>","<0,0,0>"
"HUD_MARKSMANS_TEMPO_GRACE_ACTIVE","<0,234,132>","<0,234,132>","<0,234,132>","<0,234,132>","<0,0,0>"
"HUD_SEER_IN_RANGE","<243,177,0>","<255,231,69>","<255,214,63>","<255,196,176>","<0,0,0>"
"HUD_SEER_OUT_OF_RANGE","<47,125,222>","<0,60,196>","<0,87,206>","<5,116,50>","<0,0,0>"
"HUD_SEER_DEFAULT","<122,180,255>","<15,130,144>","<0,181,163>","<0,236,75>","<0,0,0>"
"HUD_DAMAGE_TEXT_BLEED","<210,60,64>","<255,109,164>","<255,40,139>","<254,43,240>","<0,0,0>"
"HUD_DAMAGE_HEADSHOT","<255,188,0>","<247,158,85>","<255,214,63>","<255,196,176>","<0,0,0>"
"M_SHIELD_IMPACT","<60,247,227>","<60,247,227>","<60,247,227>","<60,247,227>","<0,0,0>"
"RAMPART_TT_VEND_IMPACT","<255,169,64>","<255,169,64>","<255,169,64>","<255,169,64>","<0,0,0>"
"RETICLE","<255,45,13>","<228,201,0>","<255,160,173>","<210,190,17>","<0,0,0>"
"CONTROL_ENEMY","<254,108,67>","<228,201,0>","<255,160,173>","<210,190,17>","<0,0,0>"
"CONTROL_FRIENDLY","<76,200,255>","<61,128,245>","<0,148,196>","<71,133,247>","<0,0,0>"
"CONTROL_CONTESTED","<245,231,110>","<245,231,110>","<245,231,110>","<245,231,110>","<0,0,0>"
"LASER_SIGHT","<255,45,13>","<228,201,0>","<255,160,173>","<210,190,17>","<0,0,0>"
"HUD_VANTAGE","<153,206,255>","<153,206,255>","<153,206,255>","<153,206,255>","<0,0,0>"
"HUD_VANTAGE_COOLDOWN","<228,192,66>","<228,192,66>","<228,192,66>","<228,192,66>","<0,0,0>"
"HUD_VANTAGE_NO_VISION","<202,71,82>","<202,71,82>","<202,71,82>","<202,71,82>","<0,0,0>"
"LTM_SQUAD_0","<28,137,243>","<28,137,243>","<0,222,155>","<49,252,255>","<0,0,0>"
"LTM_SQUAD_1","<152,41,245>","<255,243,31>","<230,159,0>","<255,236,54>","<0,0,0>"
"LTM_SQUAD_2","<190,78,123>","<145,111,62>","<204,121,167>","<181,98,220>","<0,0,0>"
"LTM_SQUAD_3","<199,110,51>","<222,131,44>","<0,158,115>","<0,159,112>","<0,0,0>"
"LTM_SQUAD_0_EASTEREGG","<147,191,60>","<162,217,116>","<161,245,128>","<161,253,77>","<0,0,0>"
"HUD_LOOT_TIER_SPECIAL","<255,119,188>","<255,165,200>","<255,135,129>","<211,129,132>","<0,0,0>"
"CLASS_ASSAULT","<235,51,51>","<88,62,27>","<153,102,12>","<238,22,70>","<0,0,0>"
"CLASS_SKIRMISHER","<196,169,25>","<255,233,0>","<255,219,28>","<255,218,224>","<0,0,0>"
"CLASS_RECON","<156,34,233>","<0,65,134>","<85,94,108>","<122,71,76>","<0,0,0>"
"CLASS_SUPPORT","<41,115,226>","<0,100,177>","<0,100,177>","<9,102,114>","<0,0,0>"
"CLASS_CONTROLER","<66,204,53>","<208,120,2>","<231,160,66>","<91,151,162>","<0,0,0>"
"HUD_BALLISTIC_TAC_LOCKED","<255,255,2>","<255,231,69>","<255,214,63>","<255,196,176>","<0,0,0>"
"HUD_BALLISTIC_TAC_SEARCH","<75,118,235>","<15,130,144>","<0,181,163>","<0,236,75>","<0,0,0>"
"HUD_BALLISTIC_OVERHEAT_1","<255,162,0>","<255,162,0>","<255,162,0>","<255,162,0>","<0,0,0>"
"HUD_BALLISTIC_OVERHEAT_2","<184,15,18>","<184,15,18>","<184,15,18>","<184,15,18>","<0,0,0>"
"EVAC_TOWER_METER_HEALTHY","<0,150,255>","<34,140,244>","<34,140,244>","<49,161,174>","<0,0,0>"
"EVAC_TOWER_METER_INJURED","<246,163,35>","<255,196,26>","<215,190,15>","<255,166,176>","<0,0,0>"
"EVAC_TOWER_METER_DYING","<239,30,28>","<164,122,0>","<148,131,17>","<255,92,97>","<0,0,0>"
"EVAC_TOWER_METER_DAMAGE","<152,20,18>","<131,113,113>","<101,116,166>","<215,62,65>","<0,0,0>"
"ALLIANCE_0","<0,144,255>","<0,144,255>","<0,144,255>","<0,144,255>","<0,0,0>"
"ALLIANCE_1","<255,0,0>","<255,0,0>","<255,0,0>","<255,0,0>","<0,0,0>"
"HUD_LOOT_TIER_GH","<0,255,0>","<0,255,0>","<0,255,0>","<0,255,0>","<0,0,0>"
"CRAFTING_DISPENSER","<183,135,255>","<183,135,255>","<183,135,255>","<183,135,255>","<0,0,0>"
"STORE_LOOT_TIER0","<0,0,0>","<0,0,0>","<0,0,0>","<0,0,0>","<0,0,0>"
"STORE_LOOT_TIER1","<193,219,220>","<72,72,72>","<72,72,72>","<128,128,128>","<0,0,0>"
"STORE_LOOT_TIER2","<96,201,248>","<0,62,118>","<0,75,187>","<40,196,255>","<0,0,0>"
"STORE_LOOT_TIER3","<194,74,250>","<157,132,242>","<226,175,255>","<169,45,248>","<0,0,0>"
"STORE_LOOT_TIER4","<252,198,64>","<250,243,76>","<255,174,64>","<250,212,80>","<0,0,0>"
"STORE_LOOT_TIER5","<207,41,48>","<255,109,164>","<255,50,40>","<207,70,74>","<0,0,0>"
"STORE_LOOT_TIER6","<0,255,198>","<23,204,134>","<101,207,186>","<0,255,204>","<0,0,0>"
"HIGHLIGHT_ENEMY","<255,91,30>","<255,91,30>","<255,91,30>","<255,91,30>","<0,0,0>"
"HIGHLIGHT_FRIENDLY","<87,151,219>","<87,151,219>","<87,151,219>","<87,151,219>","<0,0,0>"
"HIGHLIGHT_INTERACT","<160,204,255>","<160,204,255>","<160,204,255>","<160,204,255>","<0,0,0>"
"HIGHLIGHT_BLOODHOUND","<255,63,0>","<255,63,0>","<255,63,0>","<255,63,0>","<0,0,0>"
"ALWAYS_ON_ENEMY_ASSIST","<255,0,0>","<228,201,0>","<255,160,173>","<210,190,17>","<0,0,0>"
"string","vector","vector","vector","vector","vector"